{
  "best_model": "lightgbm_tuned",
  "models": {
    "lightgbm_tuned": {
      "accuracy": 0.9716981132075472,
      "precision": 0.9873378510127461,
      "recall": 0.9716981132075472,
      "f1": 0.9772379210581017,
      "precision_per_class": [
        0.9989111739902352,
        0.7727272727272727,
        0.6571428571428571,
        0.3910411622276029,
        0.39181488516663787,
        0.8333333333333334
      ],
      "recall_per_class": [
        0.9722503476300406,
        1.0,
        0.5348837209302325,
        0.938953488372093,
        0.9481821980777267,
        0.9803921568627451
      ],
      "f1_per_class": [
        0.985400461110085,
        0.8717948717948718,
        0.5897435897435898,
        0.5521367521367522,
        0.554496578690127,
        0.9009009009009009
      ],
      "support_per_class": [
        148146,
        34,
        43,
        344,
        2393,
        408
      ],
      "confusion_matrix": [
        [
          144035,
          10,
          12,
          496,
          3515,
          78
        ],
        [
          0,
          34,
          0,
          0,
          0,
          0
        ],
        [
          20,
          0,
          23,
          0,
          0,
          0
        ],
        [
          16,
          0,
          0,
          323,
          4,
          1
        ],
        [
          116,
          0,
          0,
          7,
          2269,
          1
        ],
        [
          5,
          0,
          0,
          0,
          3,
          400
        ]
      ],
      "cv_mean": 0.9942971778754892,
      "cv_std": 6.750679530875226e-05,
      "best_params": {
        "colsample_bytree": 0.8,
        "learning_rate": 0.03,
        "max_depth": 10,
        "min_child_samples": 10,
        "n_estimators": 800,
        "num_leaves": 100,
        "reg_alpha": 0.3,
        "reg_lambda": 2.0,
        "subsample": 0.9,
        "min_child_weight": 0.001,
        "boost_from_average": false
      },
      "balanced_accuracy": 0.8957769853121397,
      "macro_precision": 0.6741617807646566,
      "macro_recall": 0.8957769853121397,
      "macro_f1": 0.7424121923960545
    }
  },
  "hyperparameters": {
    "colsample_bytree": 0.8,
    "learning_rate": 0.03,
    "max_depth": 10,
    "min_child_samples": 10,
    "n_estimators": 800,
    "num_leaves": 100,
    "reg_alpha": 0.3,
    "reg_lambda": 2.0,
    "subsample": 0.9,
    "min_child_weight": 0.001,
    "boost_from_average": false
  },
  "feature_names": [
    "relativehumidity_2m",
    "temperature_2m",
    "precipitation",
    "apparent_temperature",
    "windspeed_10m",
    "hour",
    "day_of_week",
    "month",
    "is_weekend",
    "is_rush_hour",
    "precip_roll_3h",
    "precip_roll_6h",
    "precip_roll_12h",
    "wind_roll_3h",
    "wind_roll_6h",
    "wind_roll_12h",
    "precip_lag_1h",
    "precip_lag_2h",
    "precip_lag_3h",
    "temp_lag_1h",
    "temp_lag_2h",
    "temp_lag_3h",
    "is_precip_peak",
    "is_wind_peak",
    "apparent_temp_delta",
    "precip_intensity",
    "wind_category",
    "city_encoded"
  ],
  "trained_date": "2025-10-19T19:42:34.284494",
  "label_mapping": {
    "0": 0,
    "1": 1,
    "2": 2,
    "3": 3,
    "4": 4,
    "5": 5
  },
  "dataset_info": {
    "total_records": 756840,
    "date_range": {
      "start": "2020-09-20T00:00:00",
      "end": "2025-10-18T23:00:00"
    },
    "cities": [
      "Caloocan",
      "Las Pi\u00f1as",
      "Makati",
      "Malabon",
      "Mandaluyong",
      "Manila",
      "Marikina",
      "Muntinlupa",
      "Navotas",
      "Para\u00f1aque",
      "Pasay",
      "Pasig",
      "Pateros",
      "Quezon City",
      "San Juan",
      "Taguig",
      "Valenzuela"
    ]
  }
}